<?xml version="1.0" encoding="UTF-8"?>
<manifest xmlns="http://www.imsproject.org/xsd/imscp_rootv1p1p2" xmlns:imsmd="http://www.imsglobal.org/xsd/imsmd_rootv1p2p1" xmlns:xsi="http://www.w3.org/2001/XMLSchema-instance" xmlns:adlcp="http://www.adlnet.org/xsd/adlcp_rootv1p2" identifier="bteWrapperScorm12" xsi:schemaLocation="http://www.imsproject.org/xsd/imscp_rootv1p1p2 imscp_rootv1p1p2.xsd http://www.imsglobal.org/xsd/imsmd_rootv1p2p1 imsmd_rootv1p2p1.xsd http://www.adlnet.org/xsd/adlcp_rootv1p2 adlcp_rootv1p2.xsd">
<metadata>
    <schema>ADL SCORM</schema>
    <schemaversion>1.2</schemaversion>
  </metadata>
  <organizations default="Enspark">
    <organization identifier="Enspark" structure="hierarchical">
      <title>Business E-mail Etiquette</title>
      <item identifier="ensparkcourse" isvisible="true" identifierref="ensparkfiles">
        <title>Business E-mail Etiquette</title>
      </item>
    </organization>
  </organizations>
  <resources>
    <resource identifier="ensparkfiles" type="webcontent" adlcp:scormtype="sco" href="index.html">
      <file href="index.html" />
      <file href="scorm.js" />
    </resource>
	<resource identifier="ensparkimages" type="webcontent" adlcp:scormtype="asset">
      <!--<file href="img/logo.png"/>-->
    </resource>
  </resources>
</manifest>

